accepted,accepted_correct,accepted_known_accuracy,accepted_open_outage,accepted_unsafe,accuracy,auroc,backbone,coverage,detector_control,fpr95,goodput_per_resource_proxy,known_id_accuracy,method,open_fraction,refine_rate,refine_threshold,refined,reject_rate,rejected,resource_units_proxy,seed,semantic_goodput,severity,target_openout,threshold
27,9,0.3333333333333333,0.6666666666666666,18,0.28125,0.953125,dino+siglip2+openclip,0.421875,learned_selective_risk+semantic_harq_refine,0.5416666666666666,0.14128728414442698,0.375,opensemcom,0.25,0.34375,0.19708797008965195,22,0.234375,15,63.7,0,0.140625,mild,openout<=0.05,0.07618519198364714
26,9,0.34615384615384615,0.6538461538461539,17,0.28125,0.953125,dino+siglip2+openclip,0.40625,semantic_harq_refine,0.5416666666666666,0.1399688958009331,0.375,opensemcom_harq_refine,0.25,0.359375,0.1848701783752969,23,0.234375,15,64.30000000000001,0,0.140625,mild,openout<=0.05,0.0743221207327422
23,21,0.9130434782608695,0.08695652173913043,2,0.65625,0.90625,DINOv3,0.359375,one_vs_rest,0.4583333333333333,0.3177004538577913,0.875,dino_one_vs_rest,0.25,0.40625,0.21391534339596371,26,0.234375,15,66.1,0,0.328125,mild,openout<=0.05,0.013913756321489662
