{
  "beam_counts": {
    "10": 71,
    "11": 30,
    "12": 7,
    "13": 66,
    "14": 25,
    "15": 10,
    "16": 62,
    "17": 44,
    "18": 10,
    "19": 35,
    "2": 79,
    "20": 68,
    "21": 93,
    "22": 126,
    "23": 39,
    "24": 3,
    "25": 23,
    "26": 73,
    "27": 24,
    "28": 60,
    "29": 42,
    "3": 76,
    "30": 9,
    "31": 19,
    "32": 23,
    "33": 46,
    "34": 27,
    "35": 1,
    "36": 38,
    "37": 36,
    "38": 45,
    "39": 56,
    "4": 19,
    "40": 8,
    "41": 24,
    "42": 36,
    "43": 35,
    "44": 35,
    "45": 34,
    "46": 22,
    "47": 32,
    "48": 76,
    "49": 13,
    "5": 39,
    "50": 5,
    "51": 105,
    "52": 5,
    "53": 16,
    "54": 87,
    "55": 73,
    "56": 16,
    "57": 33,
    "58": 61,
    "59": 75,
    "6": 79,
    "60": 11,
    "61": 32,
    "62": 21,
    "7": 30,
    "8": 19,
    "9": 4
  },
  "missing": {
    "camera": 0,
    "mmwave": 0,
    "unit1_gps": 0,
    "unit2_gps": 0
  },
  "mmwave_max_power_mean": 0.13693234665007603,
  "mmwave_max_power_std": 0.07752435221273613,
  "mmwave_rows": 2411,
  "mmwave_vector_length_max": 64,
  "mmwave_vector_length_min": 64,
  "field_collected_wireless_evidence": true,
  "generated_channel_samples": false,
  "rows": 2411,
  "scenario_csv": "/scratch/nickyun/new_study/opensemcom/data/deepsense6g/Scenario1/scenario1.csv",
  "scenario_root": "/scratch/nickyun/new_study/opensemcom/data/deepsense6g/Scenario1"
}
